<?xml version="1.0" encoding="UTF-8"?>

<export>
	<info>
		<creator>tomsl</creator>
		<opencms_version>8.0.4</opencms_version>
		<createdate>Thu, 17 Jan 2013 13:18:22 GMT</createdate>
		<infoproject>Offline</infoproject>
		<export_version>7</export_version>
	</info>
	<module>
		<name>com.tomsl.dbalive</name>
		<nicename><![CDATA[DbAlive]]></nicename>
		<class/>
		<description><![CDATA[Little Smart Modul to check if DB is UP]]></description>
		<version>0.0.8</version>
		<authorname><![CDATA[tomsl]]></authorname>
		<authoremail><![CDATA[tomsl@tomsl.com]]></authoremail>
		<datecreated/>
		<userinstalled/>
		<dateinstalled/>
		<dependencies/>
		<exportpoints>
			<exportpoint uri="/system/modules/com.tomsl.dbalive/classes/" destination="WEB-INF/classes/"/>
			<exportpoint uri="/system/modules/com.tomsl.dbalive/lib/" destination="WEB-INF/lib/"/>
		</exportpoints>
		<resources>
			<resource uri="/system/modules/com.tomsl.dbalive/"/>
		</resources>
		<parameters/>
	</module>
	<files>
		<file>
			<destination>system</destination>
			<type>folder</type>
			<uuidstructure>c38124b4-cb48-11e1-9eac-a9717035fee9</uuidstructure>
			<datelastmodified>Mon, 27 Mar 2006 12:00:00 GMT</datelastmodified>
			<userlastmodified>Admin</userlastmodified>
			<datecreated>Wed, 11 Jul 2012 11:08:38 GMT</datecreated>
			<usercreated>Admin</usercreated>
			<flags>0</flags>
			<properties/>
			<relations/>
			<accesscontrol>
				<accessentry>
					<uuidprincipal>ROLE.WORKPLACE_USER</uuidprincipal>
					<flags>514</flags>
					<permissionset>
						<allowed>1</allowed>
						<denied>0</denied>
					</permissionset>
				</accessentry>
			</accesscontrol>
		</file>
		<file>
			<destination>system/modules</destination>
			<type>folder</type>
			<uuidstructure>c62c47c0-cb48-11e1-9eac-a9717035fee9</uuidstructure>
			<datelastmodified>Wed, 11 Jul 2012 11:08:42 GMT</datelastmodified>
			<userlastmodified>Admin</userlastmodified>
			<datecreated>Wed, 11 Jul 2012 11:08:42 GMT</datecreated>
			<usercreated>Admin</usercreated>
			<flags>0</flags>
			<properties/>
			<relations/>
			<accesscontrol>
				<accessentry>
					<uuidprincipal>ROLE.WORKPLACE_USER</uuidprincipal>
					<flags>514</flags>
					<permissionset>
						<allowed>5</allowed>
						<denied>0</denied>
					</permissionset>
				</accessentry>
			</accesscontrol>
		</file>
		<file>
			<destination>system/modules/com.tomsl.dbalive</destination>
			<type>folder</type>
			<uuidstructure>1845a1b7-609b-11e2-9889-333f0703266b</uuidstructure>
			<datelastmodified>Thu, 17 Jan 2013 11:43:21 GMT</datelastmodified>
			<userlastmodified>tomsl</userlastmodified>
			<datecreated>Thu, 17 Jan 2013 11:43:21 GMT</datecreated>
			<usercreated>tomsl</usercreated>
			<flags>0</flags>
			<properties/>
			<relations/>
			<accesscontrol/>
		</file>
		<file>
			<destination>system/modules/com.tomsl.dbalive/lib</destination>
			<type>folder</type>
			<uuidstructure>247830c1-609b-11e2-9889-333f0703266b</uuidstructure>
			<datelastmodified>Thu, 17 Jan 2013 11:43:42 GMT</datelastmodified>
			<userlastmodified>tomsl</userlastmodified>
			<datecreated>Thu, 17 Jan 2013 11:43:42 GMT</datecreated>
			<usercreated>tomsl</usercreated>
			<flags>0</flags>
			<properties/>
			<relations/>
			<accesscontrol/>
		</file>
		<file>
			<source>system/modules/com.tomsl.dbalive/lib/com.tomsl.dbalive.jar</source>
			<destination>system/modules/com.tomsl.dbalive/lib/com.tomsl.dbalive.jar</destination>
			<type>binary</type>
			<uuidstructure>5149be94-609f-11e2-9889-333f0703266b</uuidstructure>
			<uuidresource>5149be95-609f-11e2-9889-333f0703266b</uuidresource>
			<datelastmodified>Thu, 17 Jan 2013 13:13:51 GMT</datelastmodified>
			<userlastmodified>tomsl</userlastmodified>
			<datecreated>Thu, 17 Jan 2013 12:13:35 GMT</datecreated>
			<usercreated>tomsl</usercreated>
			<flags>0</flags>
			<properties>
				<property>
					<name>Title</name>
					<value><![CDATA[com.tomsl.dbalive]]></value>
				</property>
			</properties>
			<relations/>
			<accesscontrol/>
		</file>
		<file>
			<destination>system/modules/com.tomsl.dbalive/readme</destination>
			<type>folder</type>
			<uuidstructure>2d53a583-609b-11e2-9889-333f0703266b</uuidstructure>
			<datelastmodified>Thu, 17 Jan 2013 11:43:57 GMT</datelastmodified>
			<userlastmodified>tomsl</userlastmodified>
			<datecreated>Thu, 17 Jan 2013 11:43:57 GMT</datecreated>
			<usercreated>tomsl</usercreated>
			<flags>0</flags>
			<properties/>
			<relations/>
			<accesscontrol/>
		</file>
		<file>
			<source>system/modules/com.tomsl.dbalive/readme/dbalive.html</source>
			<destination>system/modules/com.tomsl.dbalive/readme/dbalive.html</destination>
			<type>jsp</type>
			<uuidstructure>d3e0aba9-609b-11e2-9889-333f0703266b</uuidstructure>
			<uuidresource>53f53ff4-60a8-11e2-bb74-333f0703266b</uuidresource>
			<datelastmodified>Thu, 17 Jan 2013 12:19:32 GMT</datelastmodified>
			<userlastmodified>tomsl</userlastmodified>
			<datecreated>Thu, 17 Jan 2013 13:18:05 GMT</datecreated>
			<usercreated>tomsl</usercreated>
			<flags>0</flags>
			<properties/>
			<relations/>
			<accesscontrol/>
		</file>
		<file>
			<source>system/modules/com.tomsl.dbalive/readme/readme.txt</source>
			<destination>system/modules/com.tomsl.dbalive/readme/readme.txt</destination>
			<type>plain</type>
			<uuidstructure>33eacf95-609b-11e2-9889-333f0703266b</uuidstructure>
			<uuidresource>33eacf96-609b-11e2-9889-333f0703266b</uuidresource>
			<datelastmodified>Thu, 17 Jan 2013 11:44:08 GMT</datelastmodified>
			<userlastmodified>tomsl</userlastmodified>
			<datecreated>Thu, 17 Jan 2013 11:44:08 GMT</datecreated>
			<usercreated>tomsl</usercreated>
			<flags>0</flags>
			<properties/>
			<relations/>
			<accesscontrol/>
		</file>
		<file>
			<source>system/modules/com.tomsl.dbalive/readme/usage.txt</source>
			<destination>system/modules/com.tomsl.dbalive/readme/usage.txt</destination>
			<type>plain</type>
			<uuidstructure>3c739077-609b-11e2-9889-333f0703266b</uuidstructure>
			<uuidresource>3c739078-609b-11e2-9889-333f0703266b</uuidresource>
			<datelastmodified>Thu, 17 Jan 2013 11:47:05 GMT</datelastmodified>
			<userlastmodified>tomsl</userlastmodified>
			<datecreated>Thu, 17 Jan 2013 11:44:22 GMT</datecreated>
			<usercreated>tomsl</usercreated>
			<flags>0</flags>
			<properties/>
			<relations/>
			<accesscontrol/>
		</file>
	</files>
</export>
